INSERT INTO sales_transaction (
    transaction_id, store_id, emp_id, part_timer_id, total_price, discount_total,
    final_amount, payment_method, transaction_status, refund_amount, refund_reason,
    paid_at, refunded_at, created_at, age_group, gender, receipt_type, receipt_identity
) VALUES
      (1026, 1, 16, 2, 13200, 1200, 12000, 'CARD', 0, NULL, NULL, '2025-05-01 08:15:00', NULL, '2025-05-01 08:10:00', 20, 1, NULL, NULL),
      (1027, 1, 16, 3, 9800, 800, 9000, 'CASH', 1, 9000, '상품 파손', '2025-05-01 11:05:00', '2025-05-01 11:20:00', '2025-05-01 11:00:00', 30, 0, '지출증빙용', '01012345678'),
      (1028, 1, 16, 5, 15400, 1400, 14000, 'CARD', 0, NULL, NULL, '2025-05-01 14:30:00', NULL, '2025-05-01 14:25:00', 40, 0, NULL, NULL),
      (1029, 1, 16, 1, 11700, 700, 11000, 'CASH', 0, NULL, NULL, '2025-05-01 18:10:00', NULL, '2025-05-01 18:05:00', 50, 1, '소득공제용', '사업자9876543210'),
      (1030, 1, 16, 4, 7600, 600, 7000, 'CARD', 1, 7000, '유통기한 경과', '2025-05-01 21:45:00', '2025-05-01 22:00:00', '2025-05-01 21:40:00', 10, 0, NULL, NULL),
      (1031, 1, 16, 3, 8800, 800, 8000, 'CARD', 0, NULL, NULL, '2025-05-02 07:50:00', NULL, '2025-05-02 07:45:00', 30, 1, NULL, NULL),
      (1032, 1, 16, 2, 11200, 1200, 10000, 'CASH', 1, 10000, '단순 변심', '2025-05-02 10:20:00', '2025-05-02 10:35:00', '2025-05-02 10:15:00', 40, 0, NULL, NULL),
      (1033, 1, 16, 1, 14300, 1300, 13000, 'CARD', 0, NULL, NULL, '2025-05-02 13:00:00', NULL, '2025-05-02 12:55:00', 20, 0, '지출증빙용', '01098765432'),
      (1034, 1, 16, 5, 7800, 300, 7500, 'CASH', 0, NULL, NULL, '2025-05-02 16:40:00', NULL, '2025-05-02 16:35:00', 50, 1, NULL, NULL),
      (1035, 1, 16, 4, 9500, 500, 9000, 'CARD', 1, 9000, '상품 누락', '2025-05-02 20:25:00', '2025-05-02 20:40:00', '2025-05-02 20:20:00', 30, 0, NULL, NULL),
      (1036, 1, 16, 2, 10500, 800, 9700, 'CARD', 0, NULL, NULL, '2025-05-03 08:40:00', NULL, '2025-05-03 08:35:00', 30, 0, NULL, NULL),
      (1037, 1, 16, 4, 9100, 1000, 8100, 'CASH', 0, NULL, NULL, '2025-05-03 11:15:00', NULL, '2025-05-03 11:10:00', 50, 1, NULL, NULL),
      (1038, 1, 16, 1, 11800, 1300, 10500, 'CARD', 1, 10500, '유통기한 경과', '2025-05-03 13:50:00', '2025-05-03 14:05:00', '2025-05-03 13:45:00', 40, 0, NULL, NULL),
      (1039, 1, 16, 5, 6700, 200, 6500, 'CASH', 0, NULL, NULL, '2025-05-03 17:30:00', NULL, '2025-05-03 17:25:00', 20, 0, '소득공제용', '개인01011112222'),
      (1040, 1, 16, 3, 9700, 500, 9200, 'CARD', 1, 9200, '영수증 미출력', '2025-05-03 21:00:00', '2025-05-03 21:15:00', '2025-05-03 20:55:00', 30, 1, NULL, NULL),
      (1041, 1, 16, 1, 8400, 600, 7800, 'CASH', 0, NULL, NULL, '2025-05-04 07:50:00', NULL, '2025-05-04 07:45:00', 20, 1, '소득공제용', '개인01012341234');

-- 트랜잭션 ID: 1026 상세
INSERT INTO sales_detail (
    sales_detail_id, transaction_id, product_id, sales_quantity, unit_price, discount_price,
    final_amount, cost_price, real_income, refund_amount, is_promo
) VALUES
(2076, 1026, 1, 2, 100, 0, 200, 450, -700, 200, 0),
(2077, 1026, 2, 1, 1300, 50, 1250, 500, 750, NULL, 0),
(2078, 1026, 3, 1, 100, 0, 100, 700, -600, NULL, 0),

-- 트랜잭션 ID: 1027 상세
(2079, 1027, 4, 2, 1500, 100, 2900, 650, 1600, 2900, 0),
(2080, 1027, 5, 1, 1800, 50, 1750, 850, 900, NULL, 0),
(2081, 1027, 6, 2, 1500, 100, 2900, 600, 1700, NULL, 0),

-- 트랜잭션 ID: 1028 상세
(2082, 1028, 7, 1, 3800, 0, 3800, 2400, 1400, NULL, 0),
(2083, 1028, 8, 2, 1000, 100, 1900, 350, 1200, NULL, 0),
(2084, 1028, 9, 1, 1200, 50, 1150, 400, 750, NULL, 0),

-- 트랜잭션 ID: 1029 상세
(2085, 1029, 10, 2, 1700, 100, 3300, 950, 1400, 3300, 0),
(2086, 1029, 11, 1, 3200, 0, 3200, 1800, 1400, NULL, 0),
(2087, 1029, 12, 2, 6500, 100, 12900, 3500, 5900, NULL, 0),

-- 트랜잭션 ID: 1030 상세
(2088, 1030, 13, 1, 3500, 0, 3500, 1800, 1700, NULL, 0),
(2089, 1030, 14, 2, 4500, 100, 8900, 2500, 3900, NULL, 0),
(2090, 1030, 15, 1, 4800, 50, 4750, 2700, 2050, NULL, 0),

-- 트랜잭션 ID: 1031 상세
(2091, 1031, 16, 2, 1800, 100, 3500, 800, 1900, NULL, 0),
(2092, 1031, 17, 1, 2000, 0, 2000, 900, 1100, NULL, 0),
(2093, 1031, 18, 2, 1600, 100, 3100, 750, 1600, NULL, 0),

-- 트랜잭션 ID: 1032 상세
(2094, 1032, 19, 1, 1900, 50, 1850, 900, 950, NULL, 0),
(2095, 1032, 20, 2, 1800, 100, 3500, 850, 1800, NULL, 0),
(2096, 1032, 21, 1, 3500, 0, 3500, 1800, 1700, NULL, 0),

-- 트랜잭션 ID: 1033 상세
(2097, 1033, 22, 2, 3000, 100, 5900, 1500, 2900, NULL, 0),
(2098, 1033, 23, 1, 2000, 50, 1950, 800, 1150, NULL, 0),
(2099, 1033, 24, 2, 1800, 100, 3500, 700, 2100, NULL, 0),

-- 트랜잭션 ID: 1034 상세
(2100, 1034, 25, 1, 2200, 0, 2200, 900, 1300, NULL, 0),
(2101, 1034, 26, 2, 1500, 100, 2900, 600, 1700, NULL, 0),
(2102, 1034, 27, 1, 2400, 50, 2350, 1100, 1250, NULL, 0),

-- 트랜잭션 ID: 1035 상세
(2103, 1035, 28, 2, 2400, 100, 4700, 1100, 2500, NULL, 0),
(2104, 1035, 29, 1, 3000, 0, 3000, 1500, 1500, NULL, 0),
(2105, 1035, 30, 2, 2900, 100, 5700, 1400, 2900, NULL, 0),

-- 트랜잭션 ID: 1036 상세
(2106, 1036, 31, 1, 2500, 50, 2450, 1200, 1250, NULL, 0),
(2107, 1036, 32, 2, 2500, 100, 4900, 1200, 2500, NULL, 0),
(2108, 1036, 33, 1, 2700, 0, 2700, 1300, 1400, NULL, 0),

-- 트랜잭션 ID: 1037 상세
(2109, 1037, 34, 2, 2700, 100, 5300, 1300, 2700, NULL, 0),
(2110, 1037, 35, 1, 1800, 50, 1750, 800, 950, NULL, 0),
(2111, 1037, 36, 2, 1700, 100, 3300, 750, 1800, NULL, 0),

-- 트랜잭션 ID: 1038 상세
(2112, 1038, 37, 1, 1800, 0, 1800, 800, 1000, NULL, 0),
(2113, 1038, 38, 2, 1700, 100, 3300, 750, 1800, NULL, 0),
(2114, 1038, 1, 1, 100, 50, 50, 450, -400, NULL, 0),

-- 트랜잭션 ID: 1039 상세
(2115, 1039, 2, 2, 1300, 100, 2500, 500, 1500, NULL, 0),
(2116, 1039, 3, 1, 100, 0, 100, 700, -600, NULL, 0),
(2117, 1039, 4, 2, 1500, 100, 2900, 650, 1600, NULL, 0),

-- 트랜잭션 ID: 1040 상세
(2118, 1040, 5, 1, 1800, 50, 1750, 850, 900, NULL, 0),
(2119, 1040, 6, 2, 1500, 100, 2900, 600, 1700, NULL, 0),
(2120, 1040, 7, 1, 3800, 0, 3800, 2400, 1400, NULL, 0);


-- sales_stats 더미 데이터
INSERT INTO `sales_stats` (`sales_stats_id`, `store_id`, `product_id`, `sst_date`, `sst_quantity`, `sst_total`, `created_at`) VALUES
(241, 1, 1, '2025-05-01', 2, 8200, '2025-05-01 23:59:59'),
(242, 1, 2, '2025-05-01', 1, 3800, '2025-05-01 23:59:59'),
(243, 1, 3, '2025-05-01', 2, 10000, '2025-05-01 23:59:59'),
(244, 1, 4, '2025-05-01', 1, 4000, '2025-05-01 23:59:59'),
(245, 1, 5, '2025-05-01', 1, 6300, '2025-05-01 23:59:59'),
(246, 1, 6, '2025-05-01', 1, 3700, '2025-05-01 23:59:59'),
(247, 1, 7, '2025-05-01', 1, 4700, '2025-05-01 23:59:59'),
(248, 1, 8, '2025-05-01', 1, 4300, '2025-05-01 23:59:59'),
(249, 1, 9, '2025-05-01', 1, 2700, '2025-05-01 23:59:59'),
(250, 1, 10, '2025-05-02', 1, 4400, '2025-05-02 23:59:59'),
(251, 1, 11, '2025-05-02', 1, 3600, '2025-05-02 23:59:59'),
(252, 1, 12, '2025-05-02', 1, 6700, '2025-05-02 23:59:59'),
(253, 1, 13, '2025-05-02', 1, 6300, '2025-05-02 23:59:59'),
(254, 1, 14, '2025-05-02', 1, 4600, '2025-05-02 23:59:59'),
(255, 1, 15, '2025-05-02', 1, 2900, '2025-05-02 23:59:59'),
(256, 1, 16, '2025-05-02', 1, 5200, '2025-05-02 23:59:59'),
(257, 1, 17, '2025-05-02', 1, 3800, '2025-05-02 23:59:59'),
(258, 1, 18, '2025-05-03', 1, 5100, '2025-05-03 23:59:59'),
(259, 1, 19, '2025-05-03', 1, 4600, '2025-05-03 23:59:59'),
(260, 1, 20, '2025-05-03', 1, 4600, '2025-05-03 23:59:59'),
(261, 1, 1, '2025-05-03', 1, 3500, '2025-05-03 23:59:59'),
(262, 1, 2, '2025-05-03', 1, 6200, '2025-05-03 23:59:59'),
(263, 1, 3, '2025-05-03', 1, 4300, '2025-05-03 23:59:59'),
(264, 1, 4, '2025-05-03', 1, 3600, '2025-05-03 23:59:59'),
(265, 1, 5, '2025-05-03', 1, 2900, '2025-05-03 23:59:59'),
(266, 1, 6, '2025-05-03', 1, 5400, '2025-05-03 23:59:59'),
(267, 1, 7, '2025-05-03', 1, 3800, '2025-05-03 23:59:59'),
(268, 1, 8, '2025-05-04', 1, 4100, '2025-05-04 23:59:59'),
(269, 1, 9, '2025-05-04', 1, 3700, '2025-05-04 23:59:59'),
(270, 1, 10, '2025-05-04', 1, 5650, '2025-05-04 23:59:59'),
(271, 1, 11, '2025-05-04', 1, 5550, '2025-05-04 23:59:59'),
(272, 1, 12, '2025-05-04', 1, 4200, '2025-05-04 23:59:59'),
(273, 1, 13, '2025-05-04', 1, 2700, '2025-05-04 23:59:59'),
(274, 1, 14, '2025-05-04', 1, 1800, '2025-05-04 23:59:59'),
(275, 1, 15, '2025-05-04', 1, 1700, '2025-05-04 23:59:59'),
(276, 1, 16, '2025-05-05', 2, 8200, '2025-05-05 23:59:59'),
(277, 1, 17, '2025-05-05', 1, 4500, '2025-05-05 23:59:59'),
(278, 1, 18, '2025-05-05', 1, 3800, '2025-05-05 23:59:59'),
(279, 1, 19, '2025-05-05', 2, 4000, '2025-05-05 23:59:59'),
(280, 1, 20, '2025-05-05', 1, 5300, '2025-05-05 23:59:59'),
(281, 1, 1, '2025-05-05', 1, 6300, '2025-05-05 23:59:59'),
(282, 1, 2, '2025-05-05', 1, 3700, '2025-05-05 23:59:59'),
(283, 1, 3, '2025-05-05', 1, 4700, '2025-05-05 23:59:59'),
(284, 1, 4, '2025-05-05', 1, 4300, '2025-05-05 23:59:59'),
(285, 1, 5, '2025-05-05', 1, 2700, '2025-05-05 23:59:59'),
(286, 1, 6, '2025-05-06', 1, 4400, '2025-05-06 23:59:59'),
(287, 1, 7, '2025-05-06', 1, 3600, '2025-05-06 23:59:59'),
(288, 1, 8, '2025-05-06', 1, 5600, '2025-05-06 23:59:59'),
(289, 1, 9, '2025-05-06', 1, 4400, '2025-05-06 23:59:59'),
(290, 1, 10, '2025-05-06', 1, 6700, '2025-05-06 23:59:59'),
(291, 1, 11, '2025-05-06', 1, 6300, '2025-05-06 23:59:59'),
(292, 1, 12, '2025-05-06', 1, 4600, '2025-05-06 23:59:59'),
(293, 1, 13, '2025-05-06', 1, 2900, '2025-05-06 23:59:59'),
(294, 1, 14, '2025-05-07', 1, 5200, '2025-05-07 23:59:59'),
(295, 1, 15, '2025-05-07', 1, 3800, '2025-05-07 23:59:59'),
(296, 1, 16, '2025-05-07', 1, 5100, '2025-05-07 23:59:59'),
(297, 1, 17, '2025-05-07', 1, 4600, '2025-05-07 23:59:59'),
(298, 1, 18, '2025-05-07', 1, 4600, '2025-05-07 23:59:59'),
(299, 1, 19, '2025-05-07', 1, 3500, '2025-05-07 23:59:59'),
(300, 1, 20, '2025-05-07', 1, 6200, '2025-05-07 23:59:59'),
(301, 1, 1, '2025-05-08', 1, 4300, '2025-05-08 23:59:59'),
(302, 1, 2, '2025-05-08', 1, 3600, '2025-05-08 23:59:59'),
(303, 1, 3, '2025-05-08', 1, 2900, '2025-05-08 23:59:59'),
(304, 1, 4, '2025-05-08', 1, 5400, '2025-05-08 23:59:59'),
(305, 1, 5, '2025-05-08', 1, 3800, '2025-05-08 23:59:59'),
(306, 1, 6, '2025-05-08', 1, 4100, '2025-05-08 23:59:59'),
(307, 1, 7, '2025-05-08', 1, 3700, '2025-05-08 23:59:59'),
(308, 1, 8, '2025-05-08', 1, 5650, '2025-05-08 23:59:59'),
(309, 1, 9, '2025-05-08', 1, 5550, '2025-05-08 23:59:59'),
(310, 1, 10, '2025-05-08', 1, 4200, '2025-05-08 23:59:59'),
(311, 1, 11, '2025-05-09', 1, 2700, '2025-05-09 23:59:59'),
(312, 1, 12, '2025-05-09', 1, 1800, '2025-05-09 23:59:59'),
(313, 1, 13, '2025-05-09', 1, 1700, '2025-05-09 23:59:59'),
(314, 1, 14, '2025-05-09', 1, 1600, '2025-05-09 23:59:59'),
(315, 1, 15, '2025-05-09', 1, 1500, '2025-05-09 23:59:59'),
(316, 1, 16, '2025-05-09', 1, 1400, '2025-05-09 23:59:59'),
(317, 1, 17, '2025-05-09', 1, 1300, '2025-05-09 23:59:59'),
(318, 1, 18, '2025-05-09', 1, 1200, '2025-05-09 23:59:59'),
(319, 1, 19, '2025-05-10', 1, 1100, '2025-05-10 23:59:59'),
(320, 1, 20, '2025-05-10', 1, 1000, '2025-05-10 23:59:59'),
(321, 1, 1, '2025-05-10', 1, 900, '2025-05-10 23:59:59'),
(322, 1, 2, '2025-05-10', 1, 800, '2025-05-10 23:59:59'),
(323, 1, 3, '2025-05-10', 1, 700, '2025-05-10 23:59:59'),
(324, 1, 4, '2025-05-10', 1, 600, '2025-05-10 23:59:59'),
(325, 1, 5, '2025-05-10', 1, 500, '2025-05-10 23:59:59'),
(326, 1, 6, '2025-05-10', 1, 400, '2025-05-10 23:59:59'),
(327, 1, 7, '2025-05-10', 1, 300, '2025-05-10 23:59:59'),
(328, 1, 8, '2025-05-10', 1, 200, '2025-05-10 23:59:59'),
(329, 1, 9, '2025-05-10', 1, 100, '2025-05-10 23:59:59'),
(330, 1, 10, '2025-05-11', 1, 90, '2025-05-11 23:59:59'),
(331, 1, 11, '2025-05-11', 1, 80, '2025-05-11 23:59:59'),
(332, 1, 12, '2025-05-11', 1, 70, '2025-05-11 23:59:59'),
(333, 1, 13, '2025-05-11', 1, 60, '2025-05-11 23:59:59'),
(334, 1, 14, '2025-05-11', 1, 50, '2025-05-11 23:59:59'),
(335, 1, 15, '2025-05-11', 1, 40, '2025-05-11 23:59:59'),
(336, 1, 16, '2025-05-11', 1, 30, '2025-05-11 23:59:59'),
(337, 1, 17, '2025-05-11', 1, 20, '2025-05-11 23:59:59'),
(338, 1, 18, '2025-05-11', 1, 10, '2025-05-11 23:59:59'),
(339, 1, 19, '2025-05-11', 1, 5, '2025-05-11 23:59:59'),
(340, 1, 20, '2025-05-11', 1, 1, '2025-05-11 23:59:59'),
(341, 1, 1, '2025-05-12', 1, 1, '2025-05-12 23:59:59'),
(342, 1, 2, '2025-05-12', 1, 2, '2025-05-12 23:59:59'),
(343, 1, 3, '2025-05-12', 1, 3, '2025-05-12 23:59:59'),
(344, 1, 4, '2025-05-12', 1, 4, '2025-05-12 23:59:59'),
(345, 1, 5, '2025-05-12', 1, 5, '2025-05-12 23:59:59'),
(346, 1, 6, '2025-05-13', 1, 6, '2025-05-13 23:59:59'),
(347, 1, 7, '2025-05-13', 1, 7, '2025-05-13 23:59:59'),
(348, 1, 8, '2025-05-13', 1, 8, '2025-05-13 23:59:59'),
(349, 1, 9, '2025-05-13', 1, 9, '2025-05-13 23:59:59'),
(350, 1, 10, '2025-05-13', 1, 10, '2025-05-13 23:59:59'),
(351, 1, 11, '2025-05-14', 1, 11, '2025-05-14 23:59:59'),
(352, 1, 12, '2025-05-14', 1, 12, '2025-05-14 23:59:59'),
(353, 1, 13, '2025-05-14', 1, 13, '2025-05-14 23:59:59'),
(354, 1, 14, '2025-05-14', 1, 14, '2025-05-14 23:59:59'),
(355, 1, 15, '2025-05-14', 1, 15, '2025-05-14 23:59:59'),
(356, 1, 16, '2025-05-15', 1, 16, '2025-05-15 23:59:59'),
(357, 1, 17, '2025-05-15', 1, 17, '2025-05-15 23:59:59'),
(358, 1, 18, '2025-05-15', 1, 18, '2025-05-15 23:59:59'),
(359, 1, 19, '2025-05-15', 1, 19, '2025-05-15 23:59:59'),
(360, 1, 20, '2025-05-15', 1, 20, '2025-05-15 23:59:59'),
(361, 1, 1, '2025-05-16', 1, 21, '2025-05-16 23:59:59'),
(362, 1, 2, '2025-05-16', 1, 22, '2025-05-16 23:59:59'),
(363, 1, 3, '2025-05-16', 1, 23, '2025-05-16 23:59:59'),
(364, 1, 4, '2025-05-16', 1, 24, '2025-05-16 23:59:59'),
(365, 1, 5, '2025-05-16', 1, 25, '2025-05-16 23:59:59'),
(366, 1, 6, '2025-05-17', 1, 26, '2025-05-17 23:59:59'),
(367, 1, 7, '2025-05-17', 1, 27, '2025-05-17 23:59:59'),
(368, 1, 8, '2025-05-17', 1, 28, '2025-05-17 23:59:59'),
(369, 1, 9, '2025-05-17', 1, 29, '2025-05-17 23:59:59'),
(370, 1, 10, '2025-05-17', 1, 30, '2025-05-17 23:59:59'),
(371, 1, 11, '2025-05-18', 1, 31, '2025-05-18 23:59:59'),
(372, 1, 12, '2025-05-18', 1, 32, '2025-05-18 23:59:59'),
(373, 1, 13, '2025-05-18', 1, 33, '2025-05-18 23:59:59'),
(374, 1, 14, '2025-05-18', 1, 34, '2025-05-18 23:59:59'),
(375, 1, 15, '2025-05-18', 1, 35, '2025-05-18 23:59:59'),
(376, 1, 16, '2025-05-19', 1, 36, '2025-05-19 23:59:59'),
(377, 1, 17, '2025-05-19', 1, 37, '2025-05-19 23:59:59'),
(378, 1, 18, '2025-05-19', 1, 38, '2025-05-19 23:59:59'),
(379, 1, 19, '2025-05-19', 1, 39, '2025-05-19 23:59:59'),
(380, 1, 20, '2025-05-19', 1, 40, '2025-05-19 23:59:59'),
(381, 1, 1, '2025-05-20', 1, 41, '2025-05-20 23:59:59'),
(382, 1, 2, '2025-05-20', 1, 42, '2025-05-20 23:59:59'),
(383, 1, 3, '2025-05-20', 1, 43, '2025-05-20 23:59:59'),
(384, 1, 4, '2025-05-20', 1, 44, '2025-05-20 23:59:59'),
(385, 1, 5, '2025-05-20', 1, 45, '2025-05-20 23:59:59'),
(386, 1, 6, '2025-05-21', 1, 46, '2025-05-21 23:59:59'),
(387, 1, 7, '2025-05-21', 1, 47, '2025-05-21 23:59:59'),
(388, 1, 8, '2025-05-21', 1, 48, '2025-05-21 23:59:59'),
(389, 1, 9, '2025-05-21', 1, 49, '2025-05-21 23:59:59'),
(390, 1, 10, '2025-05-21', 1, 50, '2025-05-21 23:59:59'),
(391, 1, 11, '2025-05-22', 1, 51, '2025-05-22 23:59:59'),
(392, 1, 12, '2025-05-22', 1, 52, '2025-05-22 23:59:59'),
(393, 1, 13, '2025-05-22', 1, 53, '2025-05-22 23:59:59'),
(394, 1, 14, '2025-05-22', 1, 54, '2025-05-22 23:59:59'),
(395, 1, 15, '2025-05-22', 1, 55, '2025-05-22 23:59:59'),
(396, 1, 16, '2025-05-23', 1, 56, '2025-05-23 23:59:59'),
(397, 1, 17, '2025-05-23', 1, 57, '2025-05-23 23:59:59'),
(398, 1, 18, '2025-05-23', 1, 58, '2025-05-23 23:59:59'),
(399, 1, 19, '2025-05-23', 1, 59, '2025-05-23 23:59:59'),
(400, 1, 20, '2025-05-23', 1, 60, '2025-05-23 23:59:59'),
(401, 1, 1, '2025-05-24', 1, 61, '2025-05-24 23:59:59'),
(402, 1, 2, '2025-05-24', 1, 62, '2025-05-24 23:59:59'),
(403, 1, 3, '2025-05-24', 1, 63, '2025-05-24 23:59:59'),
(404, 1, 4, '2025-05-24', 1, 64, '2025-05-24 23:59:59'),
(405, 1, 5, '2025-05-24', 1, 65, '2025-05-24 23:59:59'),
(406, 1, 6, '2025-05-25', 1, 66, '2025-05-25 23:59:59'),
(407, 1, 7, '2025-05-25', 1, 67, '2025-05-25 23:59:59'),
(408, 1, 8, '2025-05-25', 1, 68, '2025-05-25 23:59:59'),
(409, 1, 9, '2025-05-25', 1, 69, '2025-05-25 23:59:59'),
(410, 1, 10, '2025-05-25', 1, 70, '2025-05-25 23:59:59'),
(411, 1, 11, '2025-05-26', 1, 71, '2025-05-26 23:59:59'),
(412, 1, 12, '2025-05-26', 1, 72, '2025-05-26 23:59:59'),
(413, 1, 13, '2025-05-26', 1, 73, '2025-05-26 23:59:59'),
(414, 1, 14, '2025-05-26', 1, 74, '2025-05-26 23:59:59'),
(415, 1, 15, '2025-05-26', 1, 75, '2025-05-26 23:59:59'),
(416, 1, 16, '2025-05-27', 1, 76, '2025-05-27 23:59:59'),
(417, 1, 17, '2025-05-27', 1, 77, '2025-05-27 23:59:59'),
(418, 1, 18, '2025-05-27', 1, 78, '2025-05-27 23:59:59'),
(419, 1, 19, '2025-05-27', 1, 79, '2025-05-27 23:59:59'),
(420, 1, 20, '2025-05-27', 1, 80, '2025-05-27 23:59:59'),
(421, 1, 1, '2025-05-28', 1, 81, '2025-05-28 23:59:59'),
(422, 1, 2, '2025-05-28', 1, 82, '2025-05-28 23:59:59'),
(423, 1, 3, '2025-05-28', 1, 83, '2025-05-28 23:59:59'),
(424, 1, 4, '2025-05-28', 1, 84, '2025-05-28 23:59:59'),
(425, 1, 5, '2025-05-28', 1, 85, '2025-05-28 23:59:59'),
(426, 1, 6, '2025-05-29', 1, 86, '2025-05-29 23:59:59'),
(427, 1, 7, '2025-05-29', 1, 87, '2025-05-29 23:59:59'),
(428, 1, 8, '2025-05-29', 1, 88, '2025-05-29 23:59:59'),
(429, 1, 9, '2025-05-29', 1, 89, '2025-05-29 23:59:59'),
(430, 1, 10, '2025-05-29', 1, 90, '2025-05-29 23:59:59'),
(431, 1, 11, '2025-05-30', 1, 91, '2025-05-30 23:59:59'),
(432, 1, 12, '2025-05-30', 1, 92, '2025-05-30 23:59:59'),
(433, 1, 13, '2025-05-30', 1, 93, '2025-05-30 23:59:59'),
(434, 1, 14, '2025-05-30', 1, 94, '2025-05-30 23:59:59'),
(435, 1, 15, '2025-05-30', 1, 95, '2025-05-30 23:59:59'),
(436, 1, 16, '2025-05-31', 1, 96, '2025-05-31 23:59:59'),
(437, 1, 17, '2025-05-31', 1, 97, '2025-05-31 23:59:59'),
(438, 1, 18, '2025-05-31', 1, 98, '2025-05-31 23:59:59'),
(439, 1, 19, '2025-05-31', 1, 99, '2025-05-31 23:59:59'),
(440, 1, 20, '2025-05-31', 1, 100, '2025-05-31 23:59:59');

-- sales_hourly 더미 데이터
INSERT INTO sales_hourly (sales_hourly_id, store_id, sho_date, sho_hour, sho_quantity, sho_total, created_at) VALUES
(196, 1, '2025-05-01', 8, 1, 12000, '2025-05-01 23:59:59'),
(197, 1, '2025-05-01', 11, 1, 9000, '2025-05-01 23:59:59'),
(198, 1, '2025-05-01', 14, 1, 14000, '2025-05-01 23:59:59'),
(199, 1, '2025-05-01', 18, 1, 11000, '2025-05-01 23:59:59'),
(200, 1, '2025-05-01', 21, 1, 7000, '2025-05-01 23:59:59'),

-- 5월 2일
(201, 1, '2025-05-02', 7, 1, 8000, '2025-05-02 23:59:59'),
(202, 1, '2025-05-02', 10, 1, 10000, '2025-05-02 23:59:59'),
(203, 1, '2025-05-02', 13, 1, 13000, '2025-05-02 23:59:59'),
(204, 1, '2025-05-02', 16, 1, 7500, '2025-05-02 23:59:59'),
(205, 1, '2025-05-02', 20, 1, 9000, '2025-05-02 23:59:59'),

-- 5월 3일
(206, 1, '2025-05-03', 8, 1, 9700, '2025-05-03 23:59:59'),
(207, 1, '2025-05-03', 11, 1, 8100, '2025-05-03 23:59:59'),
(208, 1, '2025-05-03', 14, 1, 10500, '2025-05-03 23:59:59'),
(209, 1, '2025-05-03', 17, 1, 6500, '2025-05-03 23:59:59'),
(210, 1, '2025-05-03', 21, 1, 9200, '2025-05-03 23:59:59'),

-- 5월 4일
(211, 1, '2025-05-04', 7, 1, 7800, '2025-05-04 23:59:59'),
(212, 1, '2025-05-04', 10, 1, 11200, '2025-05-04 23:59:59'),
(213, 1, '2025-05-04', 13, 1, 6900, '2025-05-04 23:59:59'),
(214, 1, '2025-05-04', 15, 1, 12300, '2025-05-04 23:59:59'),
(215, 1, '2025-05-04', 20, 1, 8900, '2025-05-04 23:59:59'),

-- 5월 5일
(216, 1, '2025-05-05', 8, 1, 13500, '2025-05-05 23:59:59'),
(217, 1, '2025-05-05', 10, 1, 8200, '2025-05-05 23:59:59'),
(218, 1, '2025-05-05', 14, 1, 11300, '2025-05-05 23:59:59'),
(219, 1, '2025-05-05', 17, 1, 9700, '2025-05-05 23:59:59'),
(220, 1, '2025-05-05', 21, 1, 7750, '2025-05-05 23:59:59'),

-- 5월 6일
(221, 1, '2025-05-06', 8, 1, 12600, '2025-05-06 23:59:59'),
(222, 1, '2025-05-06', 11, 1, 8600, '2025-05-06 23:59:59'),
(223, 1, '2025-05-06', 13, 1, 7250, '2025-05-06 23:59:59'),
(224, 1, '2025-05-06', 18, 1, 14000, '2025-05-06 23:59:59'),
(225, 1, '2025-05-06', 22, 1, 10200, '2025-05-06 23:59:59'),

-- 5월 7일
(226, 1, '2025-05-07', 7, 1, 13000, '2025-05-07 23:59:59'),
(227, 1, '2025-05-07', 10, 1, 11700, '2025-05-07 23:59:59'),
(228, 1, '2025-05-07', 14, 1, 14550, '2025-05-07 23:59:59'),
(229, 1, '2025-05-07', 17, 1, 8400, '2025-05-07 23:59:59'),
(230, 1, '2025-05-07', 20, 1, 9700, '2025-05-07 23:59:59'),

-- 5월 8일
(231, 1, '2025-05-08', 8, 1, 10400, '2025-05-08 23:59:59'),
(232, 1, '2025-05-08', 10, 1, 15500, '2025-05-08 23:59:59'),
(233, 1, '2025-05-08', 13, 1, 13600, '2025-05-08 23:59:59'),
(234, 1, '2025-05-08', 17, 1, 8900, '2025-05-08 23:59:59'),
(235, 1, '2025-05-08', 20, 1, 9550, '2025-05-08 23:59:59'),

-- 5월 9일
(236, 1, '2025-05-09', 8, 1, 12900, '2025-05-09 23:59:59'),
(237, 1, '2025-05-09', 11, 1, 14850, '2025-05-09 23:59:59'),
(238, 1, '2025-05-09', 14, 1, 11400, '2025-05-09 23:59:59'),
(239, 1, '2025-05-09', 17, 1, 17500, '2025-05-09 23:59:59'),
(240, 1, '2025-05-09', 20, 1, 9300, '2025-05-09 23:59:59'),

-- 5월 10일
(241, 1, '2025-05-10', 8, 1, 8900, '2025-05-10 23:59:59'),
(242, 1, '2025-05-10', 11, 1, 10300, '2025-05-10 23:59:59'),
(243, 1, '2025-05-10', 14, 1, 11700, '2025-05-10 23:59:59'),
(244, 1, '2025-05-10', 17, 1, 14900, '2025-05-10 23:59:59'),
(245, 1, '2025-05-10', 20, 1, 8200, '2025-05-10 23:59:59'),

-- 5월 11일
(246, 1, '2025-05-11', 9, 1, 10100, '2025-05-11 23:59:59'),
(247, 1, '2025-05-11', 12, 1, 9050, '2025-05-11 23:59:59'),
(248, 1, '2025-05-11', 15, 1, 11100, '2025-05-11 23:59:59'),
(249, 1, '2025-05-11', 18, 1, 12350, '2025-05-11 23:59:59'),
(250, 1, '2025-05-11', 21, 1, 9300, '2025-05-11 23:59:59'),

-- 5월 12일
(251, 1, '2025-05-12', 8, 1, 10450, '2025-05-12 23:59:59'),
(252, 1, '2025-05-12', 11, 1, 11900, '2025-05-12 23:59:59'),
(253, 1, '2025-05-12', 14, 1, 13700, '2025-05-12 23:59:59'),
(254, 1, '2025-05-12', 17, 1, 8600, '2025-05-12 23:59:59'),
(255, 1, '2025-05-12', 20, 1, 9400, '2025-05-12 23:59:59'),

-- 5월 13일
(256, 1, '2025-05-13', 8, 1, 9850, '2025-05-13 23:59:59'),
(257, 1, '2025-05-13', 11, 1, 11100, '2025-05-13 23:59:59'),
(258, 1, '2025-05-13', 14, 1, 12550, '2025-05-13 23:59:59'),
(259, 1, '2025-05-13', 17, 1, 8200, '2025-05-13 23:59:59'),
(260, 1, '2025-05-13', 20, 1, 9400, '2025-05-13 23:59:59'),

-- 5월 14일
(261, 1, '2025-05-14', 9, 1, 11500, '2025-05-14 23:59:59'),
(262, 1, '2025-05-14', 12, 1, 12800, '2025-05-14 23:59:59'),
(263, 1, '2025-05-14', 14, 1, 9150, '2025-05-14 23:59:59'),
(264, 1, '2025-05-14', 18, 1, 11000, '2025-05-14 23:59:59'),
(265, 1, '2025-05-14', 21, 1, 9700, '2025-05-14 23:59:59'),

-- 5월 15일
(266, 1, '2025-05-15', 8, 1, 11484, '2025-05-15 23:59:59'),
(267, 1, '2025-05-15', 9, 1, 7664, '2025-05-15 23:59:59'),
(268, 1, '2025-05-15', 10, 1, 8290, '2025-05-15 23:59:59'),
(269, 1, '2025-05-15', 12, 1, 15457, '2025-05-15 23:59:59'),
(270, 1, '2025-05-15', 9, 1, 9306, '2025-05-15 23:59:59'),

-- 5월 16일
(271, 1, '2025-05-16', 19, 1, 15483, '2025-05-16 23:59:59'),
(272, 1, '2025-05-16', 16, 1, 10335, '2025-05-16 23:59:59'),
(273, 1, '2025-05-16', 8, 1, 11448, '2025-05-16 23:59:59'),
(274, 1, '2025-05-16', 12, 1, 14664, '2025-05-16 23:59:59'),
(275, 1, '2025-05-16', 9, 1, 18387, '2025-05-16 23:59:59'),

-- 5월 17일
(276, 1, '2025-05-17', 8, 1, 7668, '2025-05-17 23:59:59'),
(277, 1, '2025-05-17', 14, 1, 10410, '2025-05-17 23:59:59'),
(278, 1, '2025-05-17', 11, 1, 10925, '2025-05-17 23:59:59'),
(279, 1, '2025-05-17', 12, 1, 14984, '2025-05-17 23:59:59'),
(280, 1, '2025-05-17', 11, 1, 17441, '2025-05-17 23:59:59'),

-- 5월 18일
(281, 1, '2025-05-18', 17, 1, 8127, '2025-05-18 23:59:59'),
(282, 1, '2025-05-18', 14, 1, 16203, '2025-05-18 23:59:59'),
(283, 1, '2025-05-18', 17, 1, 12255, '2025-05-18 23:59:59'),
(284, 1, '2025-05-18', 20, 1, 18422, '2025-05-18 23:59:59'),
(285, 1, '2025-05-18', 17, 1, 16178, '2025-05-18 23:59:59'),

-- 5월 19일
(286, 1, '2025-05-19', 9, 1, 10252, '2025-05-19 23:59:59'),
(287, 1, '2025-05-19', 19, 1, 14482, '2025-05-19 23:59:59'),
(288, 1, '2025-05-19', 20, 1, 12281, '2025-05-19 23:59:59'),
(289, 1, '2025-05-19', 8, 1, 13457, '2025-05-19 23:59:59'),
(290, 1, '2025-05-19', 12, 1, 14704, '2025-05-19 23:59:59'),

-- 5월 20일
(291, 1, '2025-05-20', 9, 1, 14210, '2025-05-20 23:59:59'),
(292, 1, '2025-05-20', 11, 1, 13280, '2025-05-20 23:59:59'),
(293, 1, '2025-05-20', 14, 1, 8100, '2025-05-20 23:59:59'),
(294, 1, '2025-05-20', 17, 1, 9200, '2025-05-20 23:59:59'),
(295, 1, '2025-05-20', 20, 1, 12350, '2025-05-20 23:59:59'),

-- 5월 21일
(296, 1, '2025-05-21', 8, 1, 8900, '2025-05-21 23:59:59'),
(297, 1, '2025-05-21', 11, 1, 10300, '2025-05-21 23:59:59'),
(298, 1, '2025-05-21', 14, 1, 11700, '2025-05-21 23:59:59'),
(299, 1, '2025-05-21', 17, 1, 14900, '2025-05-21 23:59:59'),
(300, 1, '2025-05-21', 20, 1, 8200, '2025-05-21 23:59:59'),

-- 5월 22일
(301, 1, '2025-05-22', 8, 1, 10450, '2025-05-22 23:59:59'),
(302, 1, '2025-05-22', 11, 1, 11900, '2025-05-22 23:59:59'),
(303, 1, '2025-05-22', 14, 1, 13700, '2025-05-22 23:59:59'),
(304, 1, '2025-05-22', 17, 1, 8600, '2025-05-22 23:59:59'),
(305, 1, '2025-05-22', 20, 1, 9400, '2025-05-22 23:59:59'),

-- 5월 23일
(306, 1, '2025-05-23', 8, 1, 9850, '2025-05-23 23:59:59'),
(307, 1, '2025-05-23', 11, 1, 11100, '2025-05-23 23:59:59'),
(308, 1, '2025-05-23', 14, 1, 12550, '2025-05-23 23:59:59'),
(309, 1, '2025-05-23', 17, 1, 8200, '2025-05-23 23:59:59'),
(310, 1, '2025-05-23', 20, 1, 9400, '2025-05-23 23:59:59'),

-- 5월 24일
(311, 1, '2025-05-24', 9, 1, 11500, '2025-05-24 23:59:59'),
(312, 1, '2025-05-24', 12, 1, 12800, '2025-05-24 23:59:59'),
(313, 1, '2025-05-24', 14, 1, 9150, '2025-05-24 23:59:59'),
(314, 1, '2025-05-24', 18, 1, 11000, '2025-05-24 23:59:59'),
(315, 1, '2025-05-24', 21, 1, 9700, '2025-05-24 23:59:59'),

-- 5월 25일
(316, 1, '2025-05-25', 8, 1, 11484, '2025-05-25 23:59:59'),
(317, 1, '2025-05-25', 9, 1, 7664, '2025-05-25 23:59:59'),
(318, 1, '2025-05-25', 10, 1, 8290, '2025-05-25 23:59:59'),
(319, 1, '2025-05-25', 12, 1, 15457, '2025-05-25 23:59:59'),
(320, 1, '2025-05-25', 9, 1, 9306, '2025-05-25 23:59:59'),

-- 5월 26일
(321, 1, '2025-05-26', 3, 1, 7896, '2025-05-26 23:59:59'),
(322, 1, '2025-05-26', 20, 1, 5624, '2025-05-26 23:59:59'),
(323, 1, '2025-05-26', 14, 1, 8541, '2025-05-26 23:59:59'),
(324, 1, '2025-05-26', 0, 1, 5345, '2025-05-26 23:59:59'),
(325, 1, '2025-05-26', 9, 1, 14513, '2025-05-26 23:59:59'),

-- 5월 27일
(326, 1, '2025-05-27', 6, 1, 9131, '2025-05-27 23:59:59'),
(327, 1, '2025-05-27', 7, 1, 12025, '2025-05-27 23:59:59'),
(328, 1, '2025-05-27', 16, 1, 13283, '2025-05-27 23:59:59'),
(329, 1, '2025-05-27', 1, 1, 10623, '2025-05-27 23:59:59'),
(330, 1, '2025-05-27', 1, 1, 13786, '2025-05-27 23:59:59'),

-- 5월 28일
(331, 1, '2025-05-28', 20, 1, 7852, '2025-05-28 23:59:59'),
(332, 1, '2025-05-28', 22, 1, 13432, '2025-05-28 23:59:59'),
(333, 1, '2025-05-28', 23, 1, 10926, '2025-05-28 23:59:59'),
(334, 1, '2025-05-28', 9, 1, 17048, '2025-05-28 23:59:59'),
(335, 1, '2025-05-28', 12, 1, 8162, '2025-05-28 23:59:59'),

-- 5월 29일
(336, 1, '2025-05-29', 20, 1, 10616, '2025-05-29 23:59:59'),
(337, 1, '2025-05-29', 19, 1, 10795, '2025-05-29 23:59:59'),
(338, 1, '2025-05-29', 4, 1, 8617, '2025-05-29 23:59:59'),
(339, 1, '2025-05-29', 16, 1, 4505, '2025-05-29 23:59:59'),
(340, 1, '2025-05-29', 3, 1, 17980, '2025-05-29 23:59:59'),

-- 5월 30일
(341, 1, '2025-05-30', 12, 1, 5064, '2025-05-30 23:59:59'),
(342, 1, '2025-05-30', 12, 1, 17248, '2025-05-30 23:59:59'),
(343, 1, '2025-05-30', 17, 1, 8750, '2025-05-30 23:59:59'),
(344, 1, '2025-05-30', 5, 1, 6520, '2025-05-30 23:59:59'),
(345, 1, '2025-05-30', 13, 1, 6000, '2025-05-30 23:59:59'),

-- 5월 31일
(346, 1, '2025-05-31', 0, 1, 7999, '2025-05-31 23:59:59'),
(347, 1, '2025-05-31', 3, 1, 18693, '2025-05-31 23:59:59'),
(348, 1, '2025-05-31', 8, 1, 11790, '2025-05-31 23:59:59'),
(349, 1, '2025-05-31', 3, 1, 9683, '2025-05-31 23:59:59'),
(350, 1, '2025-05-31', 4, 1, 16044, '2025-05-31 23:59:59'),

-- 6월 1일
(351, 1, '2025-06-01', 15, 1, 18473, '2025-06-01 23:59:59'),
(352, 1, '2025-06-01', 6, 1, 7954, '2025-06-01 23:59:59'),
(353, 1, '2025-06-01', 16, 1, 5851, '2025-06-01 23:59:59'),
(354, 1, '2025-06-01', 6, 1, 8525, '2025-06-01 23:59:59'),
(355, 1, '2025-06-01', 19, 1, 12546, '2025-06-01 23:59:59'),

-- 6월 2일
(356, 1, '2025-06-02', 17, 1, 8400, '2025-06-02 23:59:59'),
(357, 1, '2025-06-02', 10, 1, 13498, '2025-06-02 23:59:59'),
(358, 1, '2025-06-02', 8, 1, 8332, '2025-06-02 23:59:59'),
(359, 1, '2025-06-02', 1, 1, 14188, '2025-06-02 23:59:59'),
(360, 1, '2025-06-02', 14, 1, 14946, '2025-06-02 23:59:59'),

-- 6월 3일
(361, 1, '2025-06-03', 14, 1, 14483, '2025-06-03 23:59:59'),
(362, 1, '2025-06-03', 18, 1, 9261, '2025-06-03 23:59:59'),
(363, 1, '2025-06-03', 2, 1, 5623, '2025-06-03 23:59:59'),
(364, 1, '2025-06-03', 2, 1, 16240, '2025-06-03 23:59:59'),
(365, 1, '2025-06-03', 8, 1, 4819, '2025-06-03 23:59:59'),

-- 6월 4일
(366, 1, '2025-06-04', 18, 1, 17518, '2025-06-04 23:59:59'),
(367, 1, '2025-06-04', 17, 1, 12032, '2025-06-04 23:59:59'),
(368, 1, '2025-06-04', 3, 1, 10569, '2025-06-04 23:59:59'),
(369, 1, '2025-06-04', 18, 1, 15394, '2025-06-04 23:59:59'),
(370, 1, '2025-06-04', 7, 1, 7166, '2025-06-04 23:59:59'),

-- 6월 5일
(371, 1, '2025-06-05', 9, 1, 7074, '2025-06-05 23:59:59'),
(372, 1, '2025-06-05', 5, 1, 13556, '2025-06-05 23:59:59'),
(373, 1, '2025-06-05', 10, 1, 7744, '2025-06-05 23:59:59'),
(374, 1, '2025-06-05', 0, 1, 18757, '2025-06-05 23:59:59'),
(375, 1, '2025-06-05', 6, 1, 13060, '2025-06-05 23:59:59'),

-- 6월 6일
(376, 1, '2025-06-06', 5, 1, 16024, '2025-06-06 23:59:59'),
(377, 1, '2025-06-06', 2, 1, 10441, '2025-06-06 23:59:59'),
(378, 1, '2025-06-06', 12, 1, 4289, '2025-06-06 23:59:59'),
(379, 1, '2025-06-06', 14, 1, 10423, '2025-06-06 23:59:59'),
(380, 1, '2025-06-06', 8, 1, 16706, '2025-06-06 23:59:59'),

-- 6월 7일
(381, 1, '2025-06-07', 12, 1, 15748, '2025-06-07 23:59:59'),
(382, 1, '2025-06-07', 4, 1, 5819, '2025-06-07 23:59:59'),
(383, 1, '2025-06-07', 9, 1, 12081, '2025-06-07 23:59:59'),
(384, 1, '2025-06-07', 6, 1, 6717, '2025-06-07 23:59:59'),
(385, 1, '2025-06-07', 20, 1, 4915, '2025-06-07 23:59:59'),

-- 6월 8일
(386, 1, '2025-06-08', 10, 1, 9471, '2025-06-08 23:59:59'),
(387, 1, '2025-06-08', 7, 1, 15164, '2025-06-08 23:59:59'),
(388, 1, '2025-06-08', 4, 1, 3854, '2025-06-08 23:59:59'),
(389, 1, '2025-06-08', 13, 1, 12472, '2025-06-08 23:59:59'),
(390, 1, '2025-06-08', 22, 1, 13180, '2025-06-08 23:59:59');

-- category_sales_stats 더미 데이터 
INSERT INTO `category_sales_stats` (`category_sales_stats_id`, `store_id`, `category_id`, `stat_date`, `total_quantity`, `total_sales`, `created_at`) VALUES
(157, 1, 1, '2025-05-01', 2, 8200, '2025-05-01 23:59:59'),
(158, 1, 2, '2025-05-01', 1, 3800, '2025-05-01 23:59:59'),
(159, 1, 3, '2025-05-01', 2, 10000, '2025-05-01 23:59:59'),
(160, 1, 4, '2025-05-01', 1, 4000, '2025-05-01 23:59:59'),
(161, 1, 5, '2025-05-01', 1, 6300, '2025-05-01 23:59:59'),
(162, 1, 6, '2025-05-01', 1, 3700, '2025-05-01 23:59:59'),
(163, 1, 7, '2025-05-01', 1, 4700, '2025-05-01 23:59:59'),
(164, 1, 8, '2025-05-01', 1, 4300, '2025-05-01 23:59:59'),
(165, 1, 9, '2025-05-01', 1, 2700, '2025-05-01 23:59:59'),
(166, 1, 10, '2025-05-02', 1, 4400, '2025-05-02 23:59:59'),
(167, 1, 11, '2025-05-02', 1, 3600, '2025-05-02 23:59:59'),
(168, 1, 12, '2025-05-02', 1, 6700, '2025-05-02 23:59:59'),
(169, 1, 13, '2025-05-02', 1, 6300, '2025-05-02 23:59:59'),
(170, 1, 14, '2025-05-02', 1, 4600, '2025-05-02 23:59:59'),
(171, 1, 15, '2025-05-02', 1, 2900, '2025-05-02 23:59:59'),
(172, 1, 16, '2025-05-02', 1, 5200, '2025-05-02 23:59:59'),
(173, 1, 17, '2025-05-02', 1, 3800, '2025-05-02 23:59:59'),
(174, 1, 18, '2025-05-03', 1, 5100, '2025-05-03 23:59:59'),
(175, 1, 19, '2025-05-03', 1, 4600, '2025-05-03 23:59:59'),
(176, 1, 20, '2025-05-03', 1, 4600, '2025-05-03 23:59:59'),
(177, 1, 1, '2025-05-03', 1, 3500, '2025-05-03 23:59:59'),
(178, 1, 2, '2025-05-03', 1, 6200, '2025-05-03 23:59:59'),
(179, 1, 3, '2025-05-03', 1, 4300, '2025-05-03 23:59:59'),
(180, 1, 4, '2025-05-03', 1, 3600, '2025-05-03 23:59:59'),
(181, 1, 5, '2025-05-03', 1, 2900, '2025-05-03 23:59:59'),
(182, 1, 6, '2025-05-03', 1, 5400, '2025-05-03 23:59:59'),
(183, 1, 7, '2025-05-03', 1, 3800, '2025-05-03 23:59:59'),
(184, 1, 8, '2025-05-04', 1, 4100, '2025-05-04 23:59:59'),
(185, 1, 9, '2025-05-04', 1, 3700, '2025-05-04 23:59:59'),
(186, 1, 10, '2025-05-04', 1, 5650, '2025-05-04 23:59:59'),
(187, 1, 11, '2025-05-04', 1, 5550, '2025-05-04 23:59:59'),
(188, 1, 12, '2025-05-04', 1, 4200, '2025-05-04 23:59:59'),
(189, 1, 13, '2025-05-04', 1, 2700, '2025-05-04 23:59:59'),
(190, 1, 14, '2025-05-04', 1, 1800, '2025-05-04 23:59:59'),
(191, 1, 15, '2025-05-04', 1, 1700, '2025-05-04 23:59:59'),
(192, 1, 16, '2025-05-05', 2, 8200, '2025-05-05 23:59:59'),
(193, 1, 17, '2025-05-05', 1, 4500, '2025-05-05 23:59:59'),
(194, 1, 18, '2025-05-05', 1, 3800, '2025-05-05 23:59:59'),
(195, 1, 19, '2025-05-05', 2, 4000, '2025-05-05 23:59:59'),
(196, 1, 20, '2025-05-05', 1, 5300, '2025-05-05 23:59:59'),
(197, 1, 1, '2025-05-05', 1, 6300, '2025-05-05 23:59:59'),
(198, 1, 2, '2025-05-05', 1, 3700, '2025-05-05 23:59:59'),
(199, 1, 3, '2025-05-05', 1, 4700, '2025-05-05 23:59:59'),
(200, 1, 4, '2025-05-05', 1, 4300, '2025-05-05 23:59:59'),
(201, 1, 5, '2025-05-05', 1, 2700, '2025-05-05 23:59:59'),
(202, 1, 6, '2025-05-06', 1, 4400, '2025-05-06 23:59:59'),
(203, 1, 7, '2025-05-06', 1, 3600, '2025-05-06 23:59:59'),
(204, 1, 8, '2025-05-06', 1, 5600, '2025-05-06 23:59:59'),
(205, 1, 9, '2025-05-06', 1, 4400, '2025-05-06 23:59:59'),
(206, 1, 10, '2025-05-06', 1, 6700, '2025-05-06 23:59:59'),
(207, 1, 11, '2025-05-06', 1, 6300, '2025-05-06 23:59:59'),
(208, 1, 12, '2025-05-06', 1, 4600, '2025-05-06 23:59:59'),
(209, 1, 13, '2025-05-06', 1, 2900, '2025-05-06 23:59:59'),
(210, 1, 14, '2025-05-07', 1, 5200, '2025-05-07 23:59:59'),
(211, 1, 15, '2025-05-07', 1, 3800, '2025-05-07 23:59:59'),
(212, 1, 16, '2025-05-07', 1, 5100, '2025-05-07 23:59:59'),
(213, 1, 17, '2025-05-07', 1, 4600, '2025-05-07 23:59:59'),
(214, 1, 18, '2025-05-07', 1, 4600, '2025-05-07 23:59:59'),
(215, 1, 19, '2025-05-07', 1, 3500, '2025-05-07 23:59:59'),
(216, 1, 20, '2025-05-07', 1, 6200, '2025-05-07 23:59:59'),
(217, 1, 1, '2025-05-08', 1, 4300, '2025-05-08 23:59:59'),
(218, 1, 2, '2025-05-08', 1, 3600, '2025-05-08 23:59:59'),
(219, 1, 3, '2025-05-08', 1, 2900, '2025-05-08 23:59:59'),
(220, 1, 4, '2025-05-08', 1, 5400, '2025-05-08 23:59:59'),
(221, 1, 5, '2025-05-08', 1, 3800, '2025-05-08 23:59:59'),
(222, 1, 6, '2025-05-08', 1, 4100, '2025-05-08 23:59:59'),
(223, 1, 7, '2025-05-08', 1, 3700, '2025-05-08 23:59:59'),
(224, 1, 8, '2025-05-08', 1, 5650, '2025-05-08 23:59:59'),
(225, 1, 9, '2025-05-08', 1, 5550, '2025-05-08 23:59:59'),
(226, 1, 10, '2025-05-08', 1, 4200, '2025-05-08 23:59:59'),
(227, 1, 11, '2025-05-09', 1, 2700, '2025-05-09 23:59:59'),
(228, 1, 12, '2025-05-09', 1, 1800, '2025-05-09 23:59:59'),
(229, 1, 13, '2025-05-09', 1, 1700, '2025-05-09 23:59:59'),
(230, 1, 14, '2025-05-09', 1, 1600, '2025-05-09 23:59:59'),
(231, 1, 15, '2025-05-09', 1, 1500, '2025-05-09 23:59:59'),
(232, 1, 16, '2025-05-09', 1, 1400, '2025-05-09 23:59:59'),
(233, 1, 17, '2025-05-09', 1, 1300, '2025-05-09 23:59:59'),
(234, 1, 18, '2025-05-09', 1, 1200, '2025-05-09 23:59:59'),
(235, 1, 19, '2025-05-10', 1, 1100, '2025-05-10 23:59:59'),
(236, 1, 20, '2025-05-10', 1, 1000, '2025-05-10 23:59:59'),
(237, 1, 1, '2025-05-10', 1, 900, '2025-05-10 23:59:59'),
(238, 1, 2, '2025-05-10', 1, 800, '2025-05-10 23:59:59'),
(239, 1, 3, '2025-05-10', 1, 700, '2025-05-10 23:59:59'),
(240, 1, 4, '2025-05-10', 1, 600, '2025-05-10 23:59:59'),
(241, 1, 5, '2025-05-10', 1, 500, '2025-05-10 23:59:59'),
(242, 1, 6, '2025-05-10', 1, 400, '2025-05-10 23:59:59'),
(243, 1, 7, '2025-05-10', 1, 300, '2025-05-10 23:59:59'),
(244, 1, 8, '2025-05-10', 1, 200, '2025-05-10 23:59:59'),
(245, 1, 9, '2025-05-10', 1, 100, '2025-05-10 23:59:59'),
(246, 1, 10, '2025-05-11', 1, 90, '2025-05-11 23:59:59'),
(247, 1, 11, '2025-05-11', 1, 80, '2025-05-11 23:59:59'),
(248, 1, 12, '2025-05-11', 1, 70, '2025-05-11 23:59:59'),
(249, 1, 13, '2025-05-11', 1, 60, '2025-05-11 23:59:59'),
(250, 1, 14, '2025-05-11', 1, 50, '2025-05-11 23:59:59'),
(251, 1, 15, '2025-05-11', 1, 40, '2025-05-11 23:59:59'),
(252, 1, 16, '2025-05-11', 1, 30, '2025-05-11 23:59:59'),
(253, 1, 17, '2025-05-11', 1, 20, '2025-05-11 23:59:59'),
(254, 1, 18, '2025-05-11', 1, 10, '2025-05-11 23:59:59'),
(255, 1, 19, '2025-05-11', 1, 5, '2025-05-11 23:59:59'),
(256, 1, 20, '2025-05-11', 1, 1, '2025-05-11 23:59:59'),
(257, 1, 1, '2025-05-12', 1, 1, '2025-05-12 23:59:59'),
(258, 1, 2, '2025-05-12', 1, 2, '2025-05-12 23:59:59'),
(259, 1, 3, '2025-05-12', 1, 3, '2025-05-12 23:59:59'),
(260, 1, 4, '2025-05-12', 1, 4, '2025-05-12 23:59:59'),
(261, 1, 5, '2025-05-12', 1, 5, '2025-05-12 23:59:59'),
(262, 1, 6, '2025-05-13', 1, 6, '2025-05-13 23:59:59'),
(263, 1, 7, '2025-05-13', 1, 7, '2025-05-13 23:59:59'),
(264, 1, 8, '2025-05-13', 1, 8, '2025-05-13 23:59:59'),
(265, 1, 9, '2025-05-13', 1, 9, '2025-05-13 23:59:59'),
(266, 1, 10, '2025-05-13', 1, 10, '2025-05-13 23:59:59'),
(267, 1, 11, '2025-05-14', 1, 11, '2025-05-14 23:59:59'),
(268, 1, 12, '2025-05-14', 1, 12, '2025-05-14 23:59:59'),
(269, 1, 13, '2025-05-14', 1, 13, '2025-05-14 23:59:59'),
(270, 1, 14, '2025-05-14', 1, 14, '2025-05-14 23:59:59'),
(271, 1, 15, '2025-05-14', 1, 15, '2025-05-14 23:59:59'),
(272, 1, 16, '2025-05-15', 1, 16, '2025-05-15 23:59:59'),
(273, 1, 17, '2025-05-15', 1, 17, '2025-05-15 23:59:59'),
(274, 1, 18, '2025-05-15', 1, 18, '2025-05-15 23:59:59'),
(275, 1, 19, '2025-05-15', 1, 19, '2025-05-15 23:59:59'),
(276, 1, 20, '2025-05-15', 1, 20, '2025-05-15 23:59:59'),
(277, 1, 1, '2025-05-16', 1, 21, '2025-05-16 23:59:59'),
(278, 1, 2, '2025-05-16', 1, 22, '2025-05-16 23:59:59'),
(279, 1, 3, '2025-05-16', 1, 23, '2025-05-16 23:59:59'),
(280, 1, 4, '2025-05-16', 1, 24, '2025-05-16 23:59:59'),
(281, 1, 5, '2025-05-16', 1, 25, '2025-05-16 23:59:59'),
(282, 1, 6, '2025-05-17', 1, 26, '2025-05-17 23:59:59'),
(283, 1, 7, '2025-05-17', 1, 27, '2025-05-17 23:59:59'),
(284, 1, 8, '2025-05-17', 1, 28, '2025-05-17 23:59:59'),
(285, 1, 9, '2025-05-17', 1, 29, '2025-05-17 23:59:59'),
(286, 1, 10, '2025-05-17', 1, 30, '2025-05-17 23:59:59'),
(287, 1, 11, '2025-05-18', 1, 31, '2025-05-18 23:59:59'),
(288, 1, 12, '2025-05-18', 1, 32, '2025-05-18 23:59:59'),
(289, 1, 13, '2025-05-18', 1, 33, '2025-05-18 23:59:59'),
(290, 1, 14, '2025-05-18', 1, 34, '2025-05-18 23:59:59'),
(291, 1, 15, '2025-05-18', 1, 35, '2025-05-18 23:59:59'),
(292, 1, 16, '2025-05-19', 1, 36, '2025-05-19 23:59:59'),
(293, 1, 17, '2025-05-19', 1, 37, '2025-05-19 23:59:59'),
(294, 1, 18, '2025-05-19', 1, 38, '2025-05-19 23:59:59'),
(295, 1, 19, '2025-05-19', 1, 39, '2025-05-19 23:59:59'),
(296, 1, 20, '2025-05-19', 1, 40, '2025-05-19 23:59:59'),
(297, 1, 1, '2025-05-20', 1, 41, '2025-05-20 23:59:59'),
(298, 1, 2, '2025-05-20', 1, 42, '2025-05-20 23:59:59'),
(299, 1, 3, '2025-05-20', 1, 43, '2025-05-20 23:59:59'),
(300, 1, 4, '2025-05-20', 1, 44, '2025-05-20 23:59:59'),
(301, 1, 5, '2025-05-20', 1, 45, '2025-05-20 23:59:59'),
(302, 1, 6, '2025-05-21', 1, 46, '2025-05-21 23:59:59'),
(303, 1, 7, '2025-05-21', 1, 47, '2025-05-21 23:59:59'),
(304, 1, 8, '2025-05-21', 1, 48, '2025-05-21 23:59:59'),
(305, 1, 9, '2025-05-21', 1, 49, '2025-05-21 23:59:59'),
(306, 1, 10, '2025-05-21', 1, 50, '2025-05-21 23:59:59'),
(307, 1, 11, '2025-05-22', 1, 51, '2025-05-22 23:59:59'),
(308, 1, 12, '2025-05-22', 1, 52, '2025-05-22 23:59:59'),
(309, 1, 13, '2025-05-22', 1, 53, '2025-05-22 23:59:59'),
(310, 1, 14, '2025-05-22', 1, 54, '2025-05-22 23:59:59'),
(311, 1, 15, '2025-05-22', 1, 55, '2025-05-22 23:59:59'),
(312, 1, 16, '2025-05-23', 1, 56, '2025-05-23 23:59:59'),
(313, 1, 17, '2025-05-23', 1, 57, '2025-05-23 23:59:59'),
(314, 1, 18, '2025-05-23', 1, 58, '2025-05-23 23:59:59'),
(315, 1, 19, '2025-05-23', 1, 59, '2025-05-23 23:59:59'),
(316, 1, 20, '2025-05-23', 1, 60, '2025-05-23 23:59:59'),
(317, 1, 1, '2025-05-24', 1, 61, '2025-05-24 23:59:59'),
(318, 1, 2, '2025-05-24', 1, 62, '2025-05-24 23:59:59'),
(319, 1, 3, '2025-05-24', 1, 63, '2025-05-24 23:59:59'),
(320, 1, 4, '2025-05-24', 1, 64, '2025-05-24 23:59:59'),
(321, 1, 5, '2025-05-24', 1, 65, '2025-05-24 23:59:59'),
(322, 1, 6, '2025-05-25', 1, 66, '2025-05-25 23:59:59'),
(323, 1, 7, '2025-05-25', 1, 67, '2025-05-25 23:59:59'),
(324, 1, 8, '2025-05-25', 1, 68, '2025-05-25 23:59:59'),
(325, 1, 9, '2025-05-25', 1, 69, '2025-05-25 23:59:59'),
(326, 1, 10, '2025-05-25', 1, 70, '2025-05-25 23:59:59'),
(327, 1, 11, '2025-05-26', 1, 71, '2025-05-26 23:59:59'),
(328, 1, 12, '2025-05-26', 1, 72, '2025-05-26 23:59:59'),
(329, 1, 13, '2025-05-26', 1, 73, '2025-05-26 23:59:59'),
(330, 1, 14, '2025-05-26', 1, 74, '2025-05-26 23:59:59'),
(331, 1, 15, '2025-05-26', 1, 75, '2025-05-26 23:59:59'),
(332, 1, 16, '2025-05-27', 1, 76, '2025-05-27 23:59:59'),
(333, 1, 17, '2025-05-27', 1, 77, '2025-05-27 23:59:59'),
(334, 1, 18, '2025-05-27', 1, 78, '2025-05-27 23:59:59'),
(335, 1, 19, '2025-05-27', 1, 79, '2025-05-27 23:59:59'),
(336, 1, 20, '2025-05-27', 1, 80, '2025-05-27 23:59:59'),
(337, 1, 1, '2025-05-28', 1, 81, '2025-05-28 23:59:59'),
(338, 1, 2, '2025-05-28', 1, 82, '2025-05-28 23:59:59'),
(339, 1, 3, '2025-05-28', 1, 83, '2025-05-28 23:59:59'),
(340, 1, 4, '2025-05-28', 1, 84, '2025-05-28 23:59:59'),
(341, 1, 5, '2025-05-28', 1, 85, '2025-05-28 23:59:59'),
(342, 1, 6, '2025-05-29', 1, 86, '2025-05-29 23:59:59'),
(343, 1, 7, '2025-05-29', 1, 87, '2025-05-29 23:59:59'),
(344, 1, 8, '2025-05-29', 1, 88, '2025-05-29 23:59:59'),
(345, 1, 9, '2025-05-29', 1, 89, '2025-05-29 23:59:59'),
(346, 1, 10, '2025-05-29', 1, 90, '2025-05-29 23:59:59'),
(347, 1, 11, '2025-05-30', 1, 91, '2025-05-30 23:59:59'),
(348, 1, 12, '2025-05-30', 1, 92, '2025-05-30 23:59:59'),
(349, 1, 13, '2025-05-30', 1, 93, '2025-05-30 23:59:59'),
(350, 1, 14, '2025-05-30', 1, 94, '2025-05-30 23:59:59'),
(351, 1, 15, '2025-05-30', 1, 95, '2025-05-30 23:59:59'),
(352, 1, 16, '2025-05-31', 1, 96, '2025-05-31 23:59:59'),
(353, 1, 17, '2025-05-31', 1, 97, '2025-05-31 23:59:59'),
(354, 1, 18, '2025-05-31', 1, 98, '2025-05-31 23:59:59'),
(355, 1, 19, '2025-05-31', 1, 99, '2025-05-31 23:59:59'),
(356, 1, 20, '2025-05-31', 1, 100, '2025-05-31 23:59:59'),
(357, 1, 1, '2025-06-01', 1, 101, '2025-06-01 23:59:59'),
(358, 1, 2, '2025-06-01', 1, 102, '2025-06-01 23:59:59'),
(359, 1, 3, '2025-06-01', 1, 103, '2025-06-01 23:59:59'),
(360, 1, 4, '2025-06-01', 1, 104, '2025-06-01 23:59:59'),
(361, 1, 5, '2025-06-01', 1, 105, '2025-06-01 23:59:59'),
(362, 1, 6, '2025-06-02', 1, 106, '2025-06-02 23:59:59'),
(363, 1, 7, '2025-06-02', 1, 107, '2025-06-02 23:59:59'),
(364, 1, 8, '2025-06-02', 1, 108, '2025-06-02 23:59:59'),
(365, 1, 9, '2025-06-02', 1, 109, '2025-06-02 23:59:59'),
(366, 1, 10, '2025-06-02', 1, 110, '2025-06-02 23:59:59'),
(367, 1, 11, '2025-06-03', 1, 111, '2025-06-03 23:59:59'),
(368, 1, 12, '2025-06-03', 1, 112, '2025-06-03 23:59:59'),
(369, 1, 13, '2025-06-03', 1, 113, '2025-06-03 23:59:59'),
(370, 1, 14, '2025-06-03', 1, 114, '2025-06-03 23:59:59'),
(371, 1, 15, '2025-06-03', 1, 115, '2025-06-03 23:59:59'),
(372, 1, 16, '2025-06-04', 1, 116, '2025-06-04 23:59:59'),
(373, 1, 17, '2025-06-04', 1, 117, '2025-06-04 23:59:59'),
(374, 1, 18, '2025-06-04', 1, 118, '2025-06-04 23:59:59'),
(375, 1, 19, '2025-06-04', 1, 119, '2025-06-04 23:59:59'),
(376, 1, 20, '2025-06-04', 1, 120, '2025-06-04 23:59:59'),
(377, 1, 1, '2025-06-05', 1, 121, '2025-06-05 23:59:59'),
(378, 1, 2, '2025-06-05', 1, 122, '2025-06-05 23:59:59'),
(379, 1, 3, '2025-06-05', 1, 123, '2025-06-05 23:59:59'),
(380, 1, 4, '2025-06-05', 1, 124, '2025-06-05 23:59:59'),
(381, 1, 5, '2025-06-05', 1, 125, '2025-06-05 23:59:59'),
(382, 1, 6, '2025-06-06', 1, 126, '2025-06-06 23:59:59'),
(383, 1, 7, '2025-06-06', 1, 127, '2025-06-06 23:59:59'),
(384, 1, 8, '2025-06-06', 1, 128, '2025-06-06 23:59:59'),
(385, 1, 9, '2025-06-06', 1, 129, '2025-06-06 23:59:59'),
(386, 1, 10, '2025-06-06', 1, 130, '2025-06-06 23:59:59'),
(387, 1, 11, '2025-06-07', 1, 131, '2025-06-07 23:59:59'),
(388, 1, 12, '2025-06-07', 1, 132, '2025-06-07 23:59:59'),
(389, 1, 13, '2025-06-07', 1, 133, '2025-06-07 23:59:59'),
(390, 1, 14, '2025-06-07', 1, 134, '2025-06-07 23:59:59'),
(391, 1, 15, '2025-06-07', 1, 135, '2025-06-07 23:59:59'),
(392, 1, 16, '2025-06-08', 1, 136, '2025-06-08 23:59:59'),
(393, 1, 17, '2025-06-08', 1, 137, '2025-06-08 23:59:59'),
(394, 1, 18, '2025-06-08', 1, 138, '2025-06-08 23:59:59'),
(395, 1, 19, '2025-06-08', 1, 139, '2025-06-08 23:59:59'),
(396, 1, 20, '2025-06-08', 1, 140, '2025-06-08 23:59:59'),
(397, 1, 1, '2025-06-08', 1, 141, '2025-06-08 23:59:59');











